<?xml version="1.0" encoding="UTF-8"?>
<model package="telegramchat" baseClass="xPDOObject" platform="mysql" defaultEngine="InnoDB" phpdoc-package="telegramchat"
       version="1.1">

    <object class="TelegramChatItem" table="telegramchat_items" extends="xPDOSimpleObject">
        <field key="key" dbtype="varchar" precision="191" phptype="string" null="false" default=""/>
        <field key="created" dbtype="int" precision="10" phptype="integer" null="false" />
        <field key="support" dbtype="int" precision="1" phptype="integer" null="false" default="0" />
        <field key="name" dbtype="varchar" precision="191" phptype="string" null="true" default=""/>
        <field key="text" dbtype="mediumtext" phptype="string" null="true" index="index" />
    </object>

    <object class="TelegramChats" table="telegramchat_chats" extends="xPDOObject">
        <field key="key" dbtype="varchar" precision="191" phptype="string" null="false" default=""/>
        <field key="message_id" dbtype="int" precision="10" phptype="integer" null="true" default="0" />
        <field key="reply_to_message_id" dbtype="int" precision="10" phptype="integer" null="true" default="0" />
        <field key="support_name" dbtype="varchar" precision="191" phptype="string" null="true" default=""/>

        <index alias="key" name="key" primary="true" unique="true" type="BTREE">
            <column key="key" length="" collation="A" null="false"/>
        </index>
    </object>

</model>